{
  "model": "rgcn_distmult_decoder",
  "config": {
    "embedding_dim": 256,
    "num_layers": 2,
    "dropout": 0.1,
    "epochs": 30,
    "train_pos_per_epoch": 131072,
    "train_batch_size": 2048,
    "message_edges_per_epoch": 400000,
    "eval_batch_size": 256,
    "neg_k": 64,
    "lr": 0.0008,
    "weight_decay": 1e-06,
    "eval_every": 2,
    "seeds": [
      1,
      2,
      3
    ],
    "collapse_relations": true,
    "negative_sampling": "type_aware",
    "device": "cuda"
  },
  "valid_mean": {
    "mrr": 0.4728652934233348,
    "hits@1": 0.3464529365301132,
    "hits@3": 0.5326629281044006,
    "hits@10": 0.726838618516922
  },
  "test_mean": {
    "mrr": 0.47329289217789966,
    "hits@1": 0.3474693497021993,
    "hits@3": 0.5324860314528147,
    "hits@10": 0.7260739703973135
  },
  "test_mrr_by_relation_mean": {
    "0": 0.17827262232700983,
    "1": 0.27524643143018085,
    "2": 0.5797850787639618,
    "3": 0.37179263929526013,
    "4": 0.42596902946631116,
    "5": 0.5135191082954407,
    "6": 0.7196101943651835,
    "7": 0.29384611546993256,
    "8": 0.456505224108696,
    "9": 0.4608345478773117,
    "10": 0.3686574151118596,
    "11": 0.5555483798185984,
    "12": 0.4446551551421483,
    "13": 0.6824500858783722,
    "14": 0.5734920799732208,
    "15": 0.28395531078179675,
    "16": 0.4202852050463359,
    "17": 0.40779176354408264,
    "18": 0.45387784639994305,
    "19": 0.6201862891515096,
    "20": 0.32442819078763324,
    "21": 0.3280989279349645,
    "22": 0.6013940175374349,
    "23": 0.6629307468732198,
    "24": 0.38131560881932575,
    "25": 0.32154105603694916,
    "26": 0.35577285786469776,
    "27": 0.3742222140232722,
    "28": 0.29666554431120556,
    "29": 0.2760815719763438,
    "30": 0.4039984792470932,
    "31": 0.6639867027600607,
    "32": 0.3548066367705663,
    "33": 0.3609347591797511,
    "34": 0.28250083575646084,
    "35": 0.23155381282170615,
    "36": 0.3601226756970088,
    "37": 0.2968779156605403,
    "38": 0.571948230266571,
    "39": 0.4814639240503311,
    "40": 0.5717424750328064,
    "41": 0.1656285598874092,
    "42": 0.5620930194854736,
    "43": 0.21581910798947015,
    "44": 0.5240502456823984,
    "45": 0.6819401979446411,
    "46": 0.7895202040672302,
    "47": 0.17088335752487183,
    "48": 0.5081858535607656,
    "49": 0.5369690159956614,
    "50": 0.8399121661980947
  },
  "valid_by_seed": [
    {
      "mrr": 0.4760422706604004,
      "hits@1": 0.34903858602046967,
      "hits@3": 0.5359453856945038,
      "hits@10": 0.7312998175621033
    },
    {
      "mrr": 0.4791359156370163,
      "hits@1": 0.3536338359117508,
      "hits@3": 0.5388891696929932,
      "hits@10": 0.7315668761730194
    },
    {
      "mrr": 0.4634176939725876,
      "hits@1": 0.3366863876581192,
      "hits@3": 0.523154228925705,
      "hits@10": 0.7176491618156433
    }
  ],
  "test_by_seed": [
    {
      "mrr": 0.4768807142972946,
      "hits@1": 0.3504420667886734,
      "hits@3": 0.5364370346069336,
      "hits@10": 0.730972558259964
    },
    {
      "mrr": 0.4791792780160904,
      "hits@1": 0.3539018779993057,
      "hits@3": 0.5387118458747864,
      "hits@10": 0.7311444878578186
    },
    {
      "mrr": 0.463818684220314,
      "hits@1": 0.3380641043186188,
      "hits@3": 0.5223092138767242,
      "hits@10": 0.7161048650741577
    }
  ],
  "history_by_seed": [
    {
      "seed": 1,
      "history": [
        {
          "epoch": 2,
          "train_loss": 1.0209409967064857,
          "valid_mrr": 0.33428633213043213,
          "valid_hits@1": 0.21687253564596176,
          "valid_hits@3": 0.37886928021907806,
          "valid_hits@10": 0.5748713910579681,
          "best_valid_mrr_so_far": 0.33428633213043213
        },
        {
          "epoch": 4,
          "train_loss": 0.8644290780648589,
          "valid_mrr": 0.38393907248973846,
          "valid_hits@1": 0.2616615295410156,
          "valid_hits@3": 0.43706949055194855,
          "valid_hits@10": 0.6263429522514343,
          "best_valid_mrr_so_far": 0.38393907248973846
        },
        {
          "epoch": 6,
          "train_loss": 0.7882552687078714,
          "valid_mrr": 0.40674181282520294,
          "valid_hits@1": 0.2855432629585266,
          "valid_hits@3": 0.4588423818349838,
          "valid_hits@10": 0.6487512588500977,
          "best_valid_mrr_so_far": 0.40674181282520294
        },
        {
          "epoch": 8,
          "train_loss": 0.7353253504261374,
          "valid_mrr": 0.4201481193304062,
          "valid_hits@1": 0.29765909910202026,
          "valid_hits@3": 0.47362880408763885,
          "valid_hits@10": 0.6660885512828827,
          "best_valid_mrr_so_far": 0.4201481193304062
        },
        {
          "epoch": 10,
          "train_loss": 0.7005333043634892,
          "valid_mrr": 0.43394939601421356,
          "valid_hits@1": 0.310499370098114,
          "valid_hits@3": 0.488593265414238,
          "valid_hits@10": 0.6823299825191498,
          "best_valid_mrr_so_far": 0.43394939601421356
        },
        {
          "epoch": 12,
          "train_loss": 0.6660696137696505,
          "valid_mrr": 0.4428243786096573,
          "valid_hits@1": 0.31958548724651337,
          "valid_hits@3": 0.4971083998680115,
          "valid_hits@10": 0.691913366317749,
          "best_valid_mrr_so_far": 0.4428243786096573
        },
        {
          "epoch": 14,
          "train_loss": 0.647304892539978,
          "valid_mrr": 0.44598251581192017,
          "valid_hits@1": 0.32404257357120514,
          "valid_hits@3": 0.5001534670591354,
          "valid_hits@10": 0.6910661458969116,
          "best_valid_mrr_so_far": 0.44598251581192017
        },
        {
          "epoch": 16,
          "train_loss": 0.6272341851145029,
          "valid_mrr": 0.45301131904125214,
          "valid_hits@1": 0.3291289657354355,
          "valid_hits@3": 0.5093531608581543,
          "valid_hits@10": 0.7018865942955017,
          "best_valid_mrr_so_far": 0.45301131904125214
        },
        {
          "epoch": 18,
          "train_loss": 0.6077834479510784,
          "valid_mrr": 0.4531325250864029,
          "valid_hits@1": 0.3279164582490921,
          "valid_hits@3": 0.5100561082363129,
          "valid_hits@10": 0.7050667107105255,
          "best_valid_mrr_so_far": 0.4531325250864029
        },
        {
          "epoch": 20,
          "train_loss": 0.5939645571634173,
          "valid_mrr": 0.4524037837982178,
          "valid_hits@1": 0.3267223685979843,
          "valid_hits@3": 0.5089909583330154,
          "valid_hits@10": 0.7070527672767639,
          "best_valid_mrr_so_far": 0.4531325250864029
        },
        {
          "epoch": 22,
          "train_loss": 0.5812222417443991,
          "valid_mrr": 0.461397647857666,
          "valid_hits@1": 0.3356120139360428,
          "valid_hits@3": 0.5201889872550964,
          "valid_hits@10": 0.7129157781600952,
          "best_valid_mrr_so_far": 0.461397647857666
        },
        {
          "epoch": 24,
          "train_loss": 0.5731055783107877,
          "valid_mrr": 0.4667852520942688,
          "valid_hits@1": 0.3404528349637985,
          "valid_hits@3": 0.5263711810112,
          "valid_hits@10": 0.7202920913696289,
          "best_valid_mrr_so_far": 0.4667852520942688
        },
        {
          "epoch": 26,
          "train_loss": 0.5624187430366874,
          "valid_mrr": 0.4617859274148941,
          "valid_hits@1": 0.3345130831003189,
          "valid_hits@3": 0.5202902853488922,
          "valid_hits@10": 0.7191563546657562,
          "best_valid_mrr_so_far": 0.4667852520942688
        },
        {
          "epoch": 28,
          "train_loss": 0.5522766225039959,
          "valid_mrr": 0.4737684428691864,
          "valid_hits@1": 0.3462728410959244,
          "valid_hits@3": 0.5334712564945221,
          "valid_hits@10": 0.7315054833889008,
          "best_valid_mrr_so_far": 0.4737684428691864
        },
        {
          "epoch": 30,