{
  "model": "rgcn_distmult_decoder",
  "config": {
    "embedding_dim": 256,
    "num_layers": 2,
    "dropout": 0.1,
    "epochs": 30,
    "train_pos_per_epoch": 131072,
    "train_batch_size": 2048,
    "message_edges_per_epoch": 400000,
    "eval_batch_size": 256,
    "neg_k": 64,
    "lr": 0.0008,
    "weight_decay": 1e-06,
    "eval_every": 2,
    "seeds": [
      1,
      2,
      3
    ],
    "collapse_relations": false,
    "negative_sampling": "global_uniform",
    "device": "cuda"
  },
  "valid_mean": {
    "mrr": 0.48498715460300446,
    "hits@1": 0.35790061950683594,
    "hits@3": 0.5445076028505961,
    "hits@10": 0.7453239262104034
  },
  "test_mean": {
    "mrr": 0.4847359855969747,
    "hits@1": 0.35766562322775525,
    "hits@3": 0.5440576275189718,
    "hits@10": 0.74555371205012
  },
  "test_mrr_by_relation_mean": {
    "0": 0.1440413941939672,
    "1": 0.13406894356012344,
    "2": 0.5983902513980865,
    "3": 0.42420218884944916,
    "4": 0.5198477556308111,
    "5": 0.5677999754746755,
    "6": 0.6847129364808401,
    "7": 0.20407326271136603,
    "8": 0.5247305979331335,
    "9": 0.41061288366715115,
    "10": 0.4592617799838384,
    "11": 0.5824006398518881,
    "12": 0.49268458783626556,
    "13": 0.6688223381837209,
    "14": 0.5754431386788686,
    "15": 0.3151935189962387,
    "16": 0.4240019967158635,
    "17": 0.44653133551279706,
    "18": 0.47677701711654663,
    "19": 0.5882923305034637,
    "20": 0.4367326150337855,
    "21": 0.4754093885421753,
    "22": 0.6540079216162363,
    "23": 0.6457950671513876,
    "24": 0.39671849211057025,
    "25": 0.351218322912852,
    "26": 0.47750645875930786,
    "27": 0.41760067145029706,
    "28": 0.4801928202311198,
    "29": 0.4428541461626689,
    "30": 0.5011824667453766,
    "31": 0.6451366643110911,
    "32": 0.4218524992465973,
    "33": 0.3955658823251724,
    "34": 0.36421609421571094,
    "35": 0.13959743082523346,
    "36": 0.5023170063893,
    "37": 0.43756671746571857,
    "38": 0.583776076634725,
    "39": 0.5299864510695139,
    "40": 0.49190280338128406,
    "41": 0.14445466920733452,
    "42": 0.5650277435779572,
    "43": 0.23920610547065735,
    "44": 0.6034868359565735,
    "45": 0.7042656242847443,
    "46": 0.8334271907806396,
    "47": 0.24327063312133154,
    "48": 0.6372160911560059,
    "49": 0.5964812934398651,
    "50": 0.8677620689074198
  },
  "valid_by_seed": [
    {
      "mrr": 0.4833560585975647,
      "hits@1": 0.35482484102249146,
      "hits@3": 0.5433923006057739,
      "hits@10": 0.7482994198799133
    },
    {
      "mrr": 0.4885263592004776,
      "hits@1": 0.3616732060909271,
      "hits@3": 0.5484326481819153,
      "hits@10": 0.7482288181781769
    },
    {
      "mrr": 0.48307904601097107,
      "hits@1": 0.35720381140708923,
      "hits@3": 0.5416978597640991,
      "hits@10": 0.7394435405731201
    }
  ],
  "test_by_seed": [
    {
      "mrr": 0.4828813970088959,
      "hits@1": 0.35361023247241974,
      "hits@3": 0.5434825420379639,
      "hits@10": 0.7489070892333984
    },
    {
      "mrr": 0.48854486644268036,
      "hits@1": 0.36215080320835114,
      "hits@3": 0.5474826395511627,
      "hits@10": 0.7484404742717743
    },
    {
      "mrr": 0.48278169333934784,
      "hits@1": 0.3572358340024948,
      "hits@3": 0.5412077009677887,
      "hits@10": 0.7393135726451874
    }
  ],
  "history_by_seed": [
    {
      "seed": 1,
      "history": [
        {
          "epoch": 2,
          "train_loss": 0.5906156282871962,
          "valid_mrr": 0.301970511674881,
          "valid_hits@1": 0.18160554021596909,
          "valid_hits@3": 0.3390285223722458,
          "valid_hits@10": 0.5595232248306274,
          "best_valid_mrr_so_far": 0.301970511674881
        },
        {
          "epoch": 4,
          "train_loss": 0.47313171718269587,
          "valid_mrr": 0.3738253116607666,
          "valid_hits@1": 0.2477591633796692,
          "valid_hits@3": 0.42526674270629883,
          "valid_hits@10": 0.6309965252876282,
          "best_valid_mrr_so_far": 0.3738253116607666
        },
        {
          "epoch": 6,
          "train_loss": 0.4208335052244365,
          "valid_mrr": 0.40409527719020844,
          "valid_hits@1": 0.2822556793689728,
          "valid_hits@3": 0.45301929116249084,
          "valid_hits@10": 0.6526803970336914,
          "best_valid_mrr_so_far": 0.40409527719020844
        },
        {
          "epoch": 8,
          "train_loss": 0.3867412335239351,
          "valid_mrr": 0.41871657967567444,
          "valid_hits@1": 0.29566076397895813,
          "valid_hits@3": 0.46943260729312897,
          "valid_hits@10": 0.6696984469890594,
          "best_valid_mrr_so_far": 0.41871657967567444
        },
        {
          "epoch": 10,
          "train_loss": 0.36034173471853137,
          "valid_mrr": 0.4328787177801132,
          "valid_hits@1": 0.3103274703025818,
          "valid_hits@3": 0.4849987030029297,
          "valid_hits@10": 0.6822164058685303,
          "best_valid_mrr_so_far": 0.4328787177801132
        },
        {
          "epoch": 12,
          "train_loss": 0.34074159851297736,
          "valid_mrr": 0.4433560222387314,
          "valid_hits@1": 0.3193337768316269,
          "valid_hits@3": 0.4970286041498184,
          "valid_hits@10": 0.6977855861186981,
          "best_valid_mrr_so_far": 0.4433560222387314
        },
        {
          "epoch": 14,
          "train_loss": 0.3236408014781773,
          "valid_mrr": 0.45046280324459076,
          "valid_hits@1": 0.3259119987487793,
          "valid_hits@3": 0.5051048099994659,
          "valid_hits@10": 0.7047812342643738,
          "best_valid_mrr_so_far": 0.45046280324459076
        },
        {
          "epoch": 16,
          "train_loss": 0.31208662362769246,
          "valid_mrr": 0.45628729462623596,
          "valid_hits@1": 0.33238276839256287,
          "valid_hits@3": 0.5110629349946976,
          "valid_hits@10": 0.7080841660499573,
          "best_valid_mrr_so_far": 0.45628729462623596
        },
        {
          "epoch": 18,
          "train_loss": 0.3014424624852836,
          "valid_mrr": 0.46416744589805603,
          "valid_hits@1": 0.34045590460300446,
          "valid_hits@3": 0.5193601697683334,
          "valid_hits@10": 0.7160406708717346,
          "best_valid_mrr_so_far": 0.46416744589805603
        },
        {
          "epoch": 20,
          "train_loss": 0.293976616114378,
          "valid_mrr": 0.46955297887325287,
          "valid_hits@1": 0.34549930691719055,
          "valid_hits@3": 0.5258892774581909,
          "valid_hits@10": 0.7209459543228149,
          "best_valid_mrr_so_far": 0.46955297887325287
        },
        {
          "epoch": 22,
          "train_loss": 0.2851626807823777,
          "valid_mrr": 0.47846774756908417,
          "valid_hits@1": 0.3542446941137314,
          "valid_hits@3": 0.5356691181659698,
          "valid_hits@10": 0.731155514717102,
          "best_valid_mrr_so_far": 0.47846774756908417
        },
        {
          "epoch": 24,
          "train_loss": 0.2782166199758649,
          "valid_mrr": 0.47342832386493683,
          "valid_hits@1": 0.34774935245513916,
          "valid_hits@3": 0.530880481004715,
          "valid_hits@10": 0.7288287281990051,
          "best_valid_mrr_so_far": 0.47846774756908417
        },
        {
          "epoch": 26,
          "train_loss": 0.27191388071514666,
          "valid_mrr": 0.48041532933712006,
          "valid_hits@1": 0.3523936867713928,
          "valid_hits@3": 0.540884405374527,
          "valid_hits@10": 0.742985874414444,
          "best_valid_mrr_so_far": 0.48041532933712006
        },
        {
          "epoch": 28,
          "train_loss": 0.2667972482740879,
          "valid_mrr": 0.48290039598941803,
          "valid_hits@1": 0.3563443124294281,
          "valid_hits@3": 0.5410010814666748,
          "valid_hits@10": 0.7433573305606842,