{
  "model": "metapath_length2_type_aware",
  "config": {
    "max_examples_per_relation": 1500,
    "max_templates_per_relation": 24,
    "min_template_count": 4,
    "seed": 42,
    "device": "cuda"
  },
  "valid": {
    "mrr": 0.43689969182014465,
    "hits@1": 0.33746300637722015,
    "hits@3": 0.48202425241470337,
    "hits@10": 0.6298576891422272
  },
  "test": {
    "mrr": 0.4373485893011093,
    "hits@1": 0.33796586096286774,
    "hits@3": 0.4824768155813217,
    "hits@10": 0.6301713287830353
  },
  "test_mrr_by_relation": {
    "0": 0.05130927637219429,
    "1": 0.12841136753559113,
    "2": 0.619729071855545,
    "3": 0.415889248251915,
    "4": 0.5092803388834,
    "5": 0.5757447183132172,
    "6": 0.7305337190628052,
    "7": 0.18121793121099472,
    "8": 0.47450025379657745,
    "9": 0.393601194024086,
    "10": 0.41081349551677704,
    "11": 0.5792648494243622,
    "12": 0.4866050034761429,
    "13": 0.6919018030166626,
    "14": 0.6042633056640625,
    "15": 0.3244505077600479,
    "16": 0.42206791043281555,
    "17": 0.4658717215061188,
    "18": 0.48008859157562256,
    "19": 0.6311061084270477,
    "20": 0.4145295023918152,
    "21": 0.41112661361694336,
    "22": 0.6441859900951385,
    "23": 0.6706875264644623,
    "24": 0.3315563201904297,
    "25": 0.31562213599681854,
    "26": 0.36099614202976227,
    "27": 0.3821011483669281,
    "28": 0.42234545946121216,
    "29": 0.39704565703868866,
    "30": 0.4812142699956894,
    "31": 0.6856600642204285,
    "32": 0.444317027926445,
    "33": 0.3852788954973221,
    "34": 0.39947643876075745,
    "35": 0.020240934565663338,
    "36": 0.39196670055389404,
    "37": 0.45809584856033325,
    "38": 0.6015104055404663,
    "39": 0.5338195264339447,
    "40": 0.08157933503389359,
    "41": 0.06266700848937035,
    "42": 0.4962080121040344,
    "43": 0.172570139169693,
    "44": 0.47121140360832214,
    "45": 0.7737377882003784,
    "46": 0.8877722322940826,
    "47": 0.18186168372631073,
    "48": 0.4495851695537567,
    "49": 0.2993890792131424,
    "50": 0.945267915725708
  }
}