{
  "model": "rgcn_distmult_decoder",
  "config": {
    "embedding_dim": 256,
    "num_layers": 2,
    "dropout": 0.1,
    "epochs": 30,
    "train_pos_per_epoch": 131072,
    "train_batch_size": 2048,
    "message_edges_per_epoch": 400000,
    "eval_batch_size": 256,
    "neg_k": 64,
    "lr": 0.0008,
    "weight_decay": 1e-06,
    "eval_every": 2,
    "seeds": [
      1,
      2,
      3
    ],
    "collapse_relations": false,
    "negative_sampling": "type_aware",
    "device": "cuda"
  },
  "valid_mean": {
    "mrr": 0.5084102203448614,
    "hits@1": 0.3819481084744136,
    "hits@3": 0.571351538101832,
    "hits@10": 0.7637171546618143
  },
  "test_mean": {
    "mrr": 0.5087164988120397,
    "hits@1": 0.382418488462766,
    "hits@3": 0.5709717472394308,
    "hits@10": 0.764235277970632
  },
  "test_mrr_by_relation_mean": {
    "0": 0.21149759242932,
    "1": 0.2353187029560407,
    "2": 0.5579418142636617,
    "3": 0.44684861103693646,
    "4": 0.5047312378883362,
    "5": 0.5587141613165537,
    "6": 0.6584765911102295,
    "7": 0.2647472098469734,
    "8": 0.5173552135626475,
    "9": 0.5187003960212072,
    "10": 0.47148358325163525,
    "11": 0.559619128704071,
    "12": 0.4939706673224767,
    "13": 0.6312660078207651,
    "14": 0.5525774856408437,
    "15": 0.3495933214823405,
    "16": 0.5078548242648443,
    "17": 0.4383016179005305,
    "18": 0.4855506221453349,
    "19": 0.5926228960355123,
    "20": 0.45036322871843976,
    "21": 0.5325004210074743,
    "22": 0.6240850488344828,
    "23": 0.6211423873901367,
    "24": 0.5139105965693792,
    "25": 0.39312544465065,
    "26": 0.5090750207503637,
    "27": 0.47111966212590534,
    "28": 0.5031692336002985,
    "29": 0.405842920144399,
    "30": 0.516581783692042,
    "31": 0.6122908890247345,
    "32": 0.4734874169031779,
    "33": 0.39096825818220776,
    "34": 0.376303772131602,
    "35": 0.2880466977755229,
    "36": 0.5141466408967972,
    "37": 0.450766717394193,
    "38": 0.5620717704296112,
    "39": 0.5220638612906138,
    "40": 0.6131377617518107,
    "41": 0.15633681043982506,
    "42": 0.6109617948532104,
    "43": 0.24325037747621536,
    "44": 0.6600544651349386,
    "45": 0.7518596947193146,
    "46": 0.8699151674906412,
    "47": 0.3049405018488566,
    "48": 0.7001564800739288,
    "49": 0.6663273274898529,
    "50": 0.8993657827377319
  },
  "valid_by_seed": [
    {
      "mrr": 0.5105167925357819,
      "hits@1": 0.38578514754772186,
      "hits@3": 0.5722683370113373,
      "hits@10": 0.7620974183082581
    },
    {
      "mrr": 0.507949948310852,
      "hits@1": 0.38061589002609253,
      "hits@3": 0.5718969106674194,
      "hits@10": 0.7644548714160919
    },
    {
      "mrr": 0.5067639201879501,
      "hits@1": 0.37944328784942627,
      "hits@3": 0.5698893666267395,
      "hits@10": 0.7645991742610931
    }
  ],
  "test_by_seed": [
    {
      "mrr": 0.5113246738910675,
      "hits@1": 0.3866734206676483,
      "hits@3": 0.5727850496768951,
      "hits@10": 0.7625590860843658
    },
    {
      "mrr": 0.5086896121501923,
      "hits@1": 0.38180142641067505,
      "hits@3": 0.5717412829399109,
      "hits@10": 0.7651378214359283
    },
    {
      "mrr": 0.5061352103948593,
      "hits@1": 0.37878061830997467,
      "hits@3": 0.5683889091014862,
      "hits@10": 0.7650089263916016
    }
  ],
  "history_by_seed": [
    {
      "seed": 1,
      "history": [
        {
          "epoch": 2,
          "train_loss": 0.9201738191768527,
          "valid_mrr": 0.3523220866918564,
          "valid_hits@1": 0.23329813033342361,
          "valid_hits@3": 0.3975633233785629,
          "valid_hits@10": 0.5936084091663361,
          "best_valid_mrr_so_far": 0.3523220866918564
        },
        {
          "epoch": 4,
          "train_loss": 0.7877742480486631,
          "valid_mrr": 0.407101035118103,
          "valid_hits@1": 0.2881033271551132,
          "valid_hits@3": 0.45531536638736725,
          "valid_hits@10": 0.6475817561149597,
          "best_valid_mrr_so_far": 0.407101035118103
        },
        {
          "epoch": 6,
          "train_loss": 0.7217597449198365,
          "valid_mrr": 0.4303402006626129,
          "valid_hits@1": 0.30897989869117737,
          "valid_hits@3": 0.48240794241428375,
          "valid_hits@10": 0.673894613981247,
          "best_valid_mrr_so_far": 0.4303402006626129
        },
        {
          "epoch": 8,
          "train_loss": 0.6791799683123827,
          "valid_mrr": 0.44529367983341217,
          "valid_hits@1": 0.3230050504207611,
          "valid_hits@3": 0.49891334772109985,
          "valid_hits@10": 0.6928311586380005,
          "best_valid_mrr_so_far": 0.44529367983341217
        },
        {
          "epoch": 10,
          "train_loss": 0.6478188093751669,
          "valid_mrr": 0.448987677693367,
          "valid_hits@1": 0.32666097581386566,
          "valid_hits@3": 0.5020535737276077,
          "valid_hits@10": 0.6969751715660095,
          "best_valid_mrr_so_far": 0.448987677693367
        },
        {
          "epoch": 12,
          "train_loss": 0.6225039754062891,
          "valid_mrr": 0.4566951245069504,
          "valid_hits@1": 0.3311180919408798,
          "valid_hits@3": 0.5130152404308319,
          "valid_hits@10": 0.7118874490261078,
          "best_valid_mrr_so_far": 0.4566951245069504
        },
        {
          "epoch": 14,
          "train_loss": 0.6043445700779557,
          "valid_mrr": 0.46805597841739655,
          "valid_hits@1": 0.3448638916015625,
          "valid_hits@3": 0.5236760675907135,
          "valid_hits@10": 0.7174005210399628,
          "best_valid_mrr_so_far": 0.46805597841739655
        },
        {
          "epoch": 16,
          "train_loss": 0.5877248542383313,
          "valid_mrr": 0.46863970160484314,
          "valid_hits@1": 0.34254325926303864,
          "valid_hits@3": 0.5257357954978943,
          "valid_hits@10": 0.7255626618862152,
          "best_valid_mrr_so_far": 0.46863970160484314
        },
        {
          "epoch": 18,
          "train_loss": 0.5722456751391292,
          "valid_mrr": 0.47607283294200897,
          "valid_hits@1": 0.35160480439662933,
          "valid_hits@3": 0.5328235626220703,
          "valid_hits@10": 0.7288962602615356,
          "best_valid_mrr_so_far": 0.47607283294200897
        },
        {
          "epoch": 20,
          "train_loss": 0.5589484870433807,
          "valid_mrr": 0.4890415817499161,
          "valid_hits@1": 0.3644727021455765,
          "valid_hits@3": 0.5478586256504059,
          "valid_hits@10": 0.7416935861110687,
          "best_valid_mrr_so_far": 0.4890415817499161
        },
        {
          "epoch": 22,
          "train_loss": 0.5507079213857651,
          "valid_mrr": 0.4929734617471695,
          "valid_hits@1": 0.3684263825416565,
          "valid_hits@3": 0.5518123209476471,
          "valid_hits@10": 0.7458314597606659,
          "best_valid_mrr_so_far": 0.4929734617471695
        },
        {
          "epoch": 24,
          "train_loss": 0.5417799362912774,
          "valid_mrr": 0.49910813570022583,
          "valid_hits@1": 0.37413589656352997,
          "valid_hits@3": 0.5592193305492401,
          "valid_hits@10": 0.7521733045578003,
          "best_valid_mrr_so_far": 0.49910813570022583
        },
        {
          "epoch": 26,
          "train_loss": 0.5316937901079655,
          "valid_mrr": 0.4982280433177948,
          "valid_hits@1": 0.37044619023799896,
          "valid_hits@3": 0.5600941777229309,
          "valid_hits@10": 0.7581222355365753,
          "best_valid_mrr_so_far": 0.49910813570022583
        },
        {
          "epoch": 28,
          "train_loss": 0.5243443544022739,
          "valid_mrr": 0.5035655498504639,
          "valid_hits@1": 0.3773006945848465,
          "valid_hits@3": 0.5653002858161926,
          "valid_hits@10": 0.7594667375087738,
          "best_valid_mrr_so_far": 0.5035655498504639
        },
        {
          "epoch": 30,