{
  "model": "distmult",
  "config": {
    "embedding_dim": 256,
    "epochs": 30,
    "batch_size": 2048,
    "eval_batch_size": 256,
    "neg_k": 64,
    "lr": 0.0005,
    "weight_decay": 1e-06,
    "eval_every": 2,
    "seeds": [
      1,
      2,
      3
    ]
  },
  "valid_mean": {
    "mrr": 0.7657304008801779,
    "hits@1": 0.6636614898840586,
    "hits@3": 0.845998634894689,
    "hits@10": 0.9422796765963236
  },
  "test_mean": {
    "mrr": 0.7650423943996429,
    "hits@1": 0.6627872983614603,
    "hits@3": 0.8457205096880595,
    "hits@10": 0.9416999220848083
  },
  "test_mrr_by_relation_mean": {
    "0": 0.5500293771425883,
    "1": 0.43926477432250977,
    "2": 0.5727024575074514,
    "3": 0.42794594665368396,
    "4": 0.5071317702531815,
    "5": 0.5575716694196066,
    "6": 0.7712481220563253,
    "7": 0.38648703197638196,
    "8": 0.5232758422692617,
    "9": 0.6580357253551483,
    "10": 0.4746753126382828,
    "11": 0.5685927867889404,
    "12": 0.4938155760367711,
    "13": 0.7095920542875925,
    "14": 0.6251387099424998,
    "15": 0.3804077555735906,
    "16": 0.5886557151873907,
    "17": 0.4524222711722056,
    "18": 0.4852028737465541,
    "19": 0.6114104886849722,
    "20": 0.43424876034259796,
    "21": 0.522876093784968,
    "22": 0.6352140208085378,
    "23": 0.6680949330329895,
    "24": 0.5750892708698908,
    "25": 0.3955685744682948,
    "26": 0.4764230400323868,
    "27": 0.47649552921454114,
    "28": 0.508622388044993,
    "29": 0.42374228437741596,
    "30": 0.5123459299405416,
    "31": 0.6709292431672415,
    "32": 0.46133191386858624,
    "33": 0.4017611692349116,
    "34": 0.371586412191391,
    "35": 0.6144181291262308,
    "36": 0.5693455934524536,
    "37": 0.4604394833246867,
    "38": 0.5812660157680511,
    "39": 0.5390961766242981,
    "40": 0.8871082067489624,
    "41": 0.18589618677894273,
    "42": 0.8648119767506918,
    "43": 0.7889887491861979,
    "44": 0.8761514524618784,
    "45": 0.9261957108974457,
    "46": 0.9531379242738088,
    "47": 0.6438997288544973,
    "48": 0.8605771660804749,
    "49": 0.8687501748402914,
    "50": 0.9775901039441427
  },
  "valid_by_seed": [
    {
      "mrr": 0.764784187078476,
      "hits@1": 0.6622177362442017,
      "hits@3": 0.8453611731529236,
      "hits@10": 0.9427759349346161
    },
    {
      "mrr": 0.7678146660327911,
      "hits@1": 0.666619598865509,
      "hits@3": 0.8475651741027832,
      "hits@10": 0.9420545697212219
    },
    {
      "mrr": 0.7645923495292664,
      "hits@1": 0.6621471345424652,
      "hits@3": 0.84506955742836,
      "hits@10": 0.9420085251331329
    }
  ],
  "test_by_seed": [
    {
      "mrr": 0.7640299499034882,
      "hits@1": 0.6610087752342224,
      "hits@3": 0.8455700874328613,
      "hits@10": 0.9416989088058472
    },
    {
      "mrr": 0.7673005759716034,
      "hits@1": 0.6662276685237885,
      "hits@3": 0.8469607532024384,
      "hits@10": 0.9418002068996429
    },
    {
      "mrr": 0.7637966573238373,
      "hits@1": 0.6611254513263702,
      "hits@3": 0.8446306884288788,
      "hits@10": 0.9416006505489349
    }
  ]
}