{
  "model": "rgcn_distmult_decoder",
  "config": {
    "embedding_dim": 256,
    "num_layers": 2,
    "dropout": 0.1,
    "epochs": 4,
    "train_pos_per_epoch": 32768,
    "train_batch_size": 2048,
    "message_edges_per_epoch": 200000,
    "eval_batch_size": 256,
    "neg_k": 64,
    "lr": 0.0008,
    "weight_decay": 1e-06,
    "eval_every": 2,
    "seeds": [
      1
    ],
    "collapse_relations": false,
    "negative_sampling": "type_aware",
    "device": "cuda"
  },
  "valid_mean": {
    "mrr": 0.24360350519418716,
    "hits@1": 0.15253306180238724,
    "hits@3": 0.26292315125465393,
    "hits@10": 0.4316270351409912
  },
  "test_mean": {
    "mrr": 0.2440483570098877,
    "hits@1": 0.15324798971414566,
    "hits@3": 0.26284460723400116,
    "hits@10": 0.43243077397346497
  },
  "test_mrr_by_relation_mean": {
    "0": 0.05308311991393566,
    "1": 0.11596287041902542,
    "2": 0.5934874415397644,
    "3": 0.39574000239372253,
    "4": 0.48319609463214874,
    "5": 0.5615114569664001,
    "6": 0.670421302318573,
    "7": 0.2059663087129593,
    "8": 0.5233520567417145,
    "9": 0.2527281790971756,
    "10": 0.4491647779941559,
    "11": 0.5575549304485321,
    "12": 0.4731152653694153,
    "13": 0.6432567834854126,
    "14": 0.5697504281997681,
    "15": 0.35623352229595184,
    "16": 0.46177245676517487,
    "17": 0.45495109260082245,
    "18": 0.45436351001262665,
    "19": 0.5952301919460297,
    "20": 0.4492745101451874,
    "21": 0.4010392278432846,
    "22": 0.6334977447986603,
    "23": 0.6344881355762482,
    "24": 0.2843780443072319,
    "25": 0.35314784944057465,
    "26": 0.40947289764881134,
    "27": 0.45886363089084625,
    "28": 0.46602949500083923,
    "29": 0.42547860741615295,
    "30": 0.4874008595943451,
    "31": 0.642516702413559,
    "32": 0.40853093564510345,
    "33": 0.4028368294239044,
    "34": 0.3701174855232239,
    "35": 0.08022204041481018,
    "36": 0.49385450780391693,
    "37": 0.45269814133644104,
    "38": 0.5605481863021851,
    "39": 0.5260006487369537,
    "40": 0.26275157183408737,
    "41": 0.07222084421664476,
    "42": 0.08889276534318924,
    "43": 0.08846128545701504,
    "44": 0.3277054578065872,
    "45": 0.36502310633659363,
    "46": 0.4922157973051071,
    "47": 0.025473483838140965,
    "48": 0.31897057592868805,
    "49": 0.40973880887031555,
    "50": 0.4189882278442383
  },
  "valid_by_seed": [
    {
      "mrr": 0.24360350519418716,
      "hits@1": 0.15253306180238724,
      "hits@3": 0.26292315125465393,
      "hits@10": 0.4316270351409912
    }
  ],
  "test_by_seed": [
    {
      "mrr": 0.2440483570098877,
      "hits@1": 0.15324798971414566,
      "hits@3": 0.26284460723400116,
      "hits@10": 0.43243077397346497
    }
  ],
  "history_by_seed": [
    {
      "seed": 1,
      "history": [
        {
          "epoch": 2,
          "train_loss": 1.317176103591919,
          "valid_mrr": 0.2263163924217224,
          "valid_hits@1": 0.1336609646677971,
          "valid_hits@3": 0.2403920516371727,
          "valid_hits@10": 0.4195357412099838,
          "best_valid_mrr_so_far": 0.2263163924217224
        },
        {
          "epoch": 4,
          "train_loss": 1.1417903080582619,
          "valid_mrr": 0.24360350519418716,
          "valid_hits@1": 0.15253306180238724,
          "valid_hits@3": 0.26292315125465393,
          "valid_hits@10": 0.4316270351409912,
          "best_valid_mrr_so_far": 0.24360350519418716
        }
      ]
    }
  ]
}