{
  "model": "complex",
  "config": {
    "embedding_dim": 256,
    "epochs": 30,
    "batch_size": 2048,
    "eval_batch_size": 256,
    "neg_k": 64,
    "lr": 0.0005,
    "weight_decay": 1e-06,
    "eval_every": 2,
    "seeds": [
      1,
      2,
      3
    ]
  },
  "valid_mean": {
    "mrr": 0.7868639628092448,
    "hits@1": 0.6934440930684408,
    "hits@3": 0.8617458542188009,
    "hits@10": 0.9452398320039114
  },
  "test_mean": {
    "mrr": 0.7858264346917471,
    "hits@1": 0.6918913026650747,
    "hits@3": 0.8611152072747549,
    "hits@10": 0.9455823600292206
  },
  "test_mrr_by_relation_mean": {
    "0": 0.6003938217957815,
    "1": 0.5198755860328674,
    "2": 0.5907590786616007,
    "3": 0.44661150872707367,
    "4": 0.517152746518453,
    "5": 0.5829482873280843,
    "6": 0.7811504701773325,
    "7": 0.4379967898130417,
    "8": 0.5322156548500061,
    "9": 0.6729166656732559,
    "10": 0.4836322416861852,
    "11": 0.5834094882011414,
    "12": 0.5144032388925552,
    "13": 0.7247805893421173,
    "14": 0.6329411168893179,
    "15": 0.3977431406577428,
    "16": 0.5023375252882639,
    "17": 0.4659033219019572,
    "18": 0.4979214419921239,
    "19": 0.6247328221797943,
    "20": 0.4463757574558258,
    "21": 0.5090629210074743,
    "22": 0.6581707894802094,
    "23": 0.6800339221954346,
    "24": 0.4706480453411738,
    "25": 0.41400296489397687,
    "26": 0.5143970648447672,
    "27": 0.46461104849974316,
    "28": 0.5169091125329336,
    "29": 0.45764288306236267,
    "30": 0.5225716233253479,
    "31": 0.6847800314426422,
    "32": 0.4870433310667674,
    "33": 0.4172598421573639,
    "34": 0.3829934199651082,
    "35": 0.6139394740263621,
    "36": 0.627977708975474,
    "37": 0.4553908904393514,
    "38": 0.5977899332841238,
    "39": 0.5536450644334158,
    "40": 0.9076833923657736,
    "41": 0.18718192105491957,
    "42": 0.8899896840254465,
    "43": 0.8187442521254221,
    "44": 0.9064952433109283,
    "45": 0.9378659725189209,
    "46": 0.9612683057785034,
    "47": 0.6891134977340698,
    "48": 0.8925153513749441,
    "49": 0.8995405435562134,
    "50": 0.9812771578629812
  },
  "valid_by_seed": [
    {
      "mrr": 0.7882128059864044,
      "hits@1": 0.6959438025951385,
      "hits@3": 0.8616916239261627,
      "hits@10": 0.9450413286685944
    },
    {
      "mrr": 0.785833477973938,
      "hits@1": 0.6913086473941803,
      "hits@3": 0.8620077967643738,
      "hits@10": 0.9456982314586639
    },
    {
      "mrr": 0.786545604467392,
      "hits@1": 0.6930798292160034,
      "hits@3": 0.8615381419658661,
      "hits@10": 0.9449799358844757
    }
  ],
  "test_by_seed": [
    {
      "mrr": 0.7872001230716705,
      "hits@1": 0.6940443515777588,
      "hits@3": 0.8617240786552429,
      "hits@10": 0.9458341002464294
    },
    {
      "mrr": 0.785159170627594,
      "hits@1": 0.6905814707279205,
      "hits@3": 0.8611530661582947,
      "hits@10": 0.9456867277622223
    },
    {
      "mrr": 0.7851200103759766,
      "hits@1": 0.6910480856895447,
      "hits@3": 0.8604684770107269,
      "hits@10": 0.94522625207901
    }
  ]
}